x,y,class,is_test
3.3502698128436967,1.7437139103997585,2,True
1.7745577271512034,1.7695670458947401,0,True
3.2188691752762235,1.2234160412607558,2,False
3.527772955712495,3.876079366838484,3,False
2.008687985282386,3.151379006606863,1,False
3.361351303503062,3.6617913858987983,3,False
1.6308414623352823,3.3146964476669356,1,True
3.347733030668212,1.5863884629050413,2,False
1.7662475483797868,0.9890285302042979,0,False
1.9078862850932332,0.4872041295828593,0,True
3.513492593253799,1.4655587935958045,2,False
1.4961214932890499,2.0508473912253313,0,False
3.277437411979065,3.4562621432270433,3,False
3.2743662917300496,3.373375923491332,3,False
3.4887997938444113,2.954947913734198,3,True
1.867705091802147,3.7154648571392883,1,False
1.7028998008747633,1.329956047851564,0,True
1.7153071090288632,1.5500842793296032,0,False
3.3278528417203366,3.5506450068523114,3,False
1.8075517871750901,3.46979714456542,1,False
3.208211993727698,1.701928417305641,2,False
1.4901506264784556,1.5052466869198762,0,False
3.117051706216504,0.7503574469527113,2,False
1.8599491502235206,3.6723366359926026,1,False
3.1756571247867345,3.1692482488262956,3,False
1.601254031360408,2.093274957818787,0,False
3.916115977671817,2.073329864744661,2,False
2.3570232496452617,3.108283338595743,1,False
3.2448605003588344,3.3272445581181436,3,False
3.489216980411755,1.5528686970934893,2,False
3.2527950606691207,1.5006298439792665,2,False
1.6454226188995962,1.5170118821452552,0,False
3.4346239605287403,3.071121028499513,3,False
3.199145561807613,3.1924473596823093,3,False
2.6509855510403697,1.1687121296611218,2,False
1.144604657865651,3.364929501828144,1,False
1.5649802055639628,1.499477009218188,0,False
1.4748736676814356,2.3395994045500186,0,False
3.2581952744564906,1.837858206140009,2,False
1.5997405706627532,1.3461417531631006,0,True
1.7833083269408794,3.485912305514824,1,True
3.478697024830387,3.2740542557281382,3,False
2.1668361251246093,3.2843648281867313,1,False
3.910856567015723,2.033791584130273,2,False
1.501933360790789,3.6809889157221023,1,False
1.9612447969414388,1.1839155526023364,0,False
1.5498783824841114,1.7190184912694535,0,False
1.9088228976966313,3.1235258865575526,1,False
1.8811231632383392,0.8221659554996107,0,False
1.5503090837238078,2.3088044941805896,0,True
3.231192604355963,2.9374148574603773,3,False
1.965344475662531,3.281182382596452,1,False
1.3465046342520648,3.142036731616442,1,False
1.6466610189916828,1.271611593057413,0,True
3.5709327307344005,3.7525865244500003,3,True
3.4887046052507884,1.6387568353501292,2,False
3.441764511491289,1.5339965541921436,2,False
3.485525270958977,3.270856139650518,3,False
1.7443719552450356,1.9441552896846988,0,False
1.565762750081086,1.1584264967862983,0,False
3.3561382692527166,2.5068073419409975,2,False
2.9996079059570513,1.64377280962706,2,False
3.541426865016188,3.433339068490152,3,False
3.4119429113519604,3.04924526594481,3,True
1.3308395545870928,3.1673246670243005,1,False
2.824714601673315,1.5160175555216162,2,True
1.4367233369509564,3.5699887792572502,1,True
2.742516371939166,2.671501916157116,3,False
3.6794622714504746,1.8244158028935349,2,False
1.825756160718753,1.4953640534867942,0,False
1.964910074305372,0.9875047139085402,0,False
1.5231903265481694,2.655842717896042,0,False
3.136891903343845,3.156329756098946,3,True
3.326906558715632,1.2832772092879199,2,False
2.883437981844518,2.978865952980652,3,False
3.1812172659829687,2.81665380665131,3,False
1.4549348636609438,3.312925237081133,1,False
1.7298163536859064,1.0038617711389337,0,False
1.3445929391746483,2.9126842889055977,0,False
1.7608746476367856,0.9475689430609899,0,False
2.5592069092540917,1.734095064775356,2,False
0.9345873073344835,3.0654882367197422,1,False
2.055861218824264,3.153202685571141,1,True
3.6176356399877703,3.725354917661403,3,False
1.7633765177053033,1.583802752065145,0,False
1.5604402020623884,2.5138579077519037,0,True
1.5425237427626017,1.1042778362975767,0,False
3.0970233757710144,1.2359537719303004,2,True
1.5801023309487765,3.420695200402489,1,False
1.3988877401385753,2.9069684455880833,1,True
3.688482536300224,1.750250924295805,2,True
1.6301223861386474,1.8881621711436825,0,True
2.978683775003766,2.8473571443849703,3,False
3.3377347831768356,2.963556877282495,3,False
2.693478348956131,1.0510706563896681,2,False
2.3954632967764793,3.542889056647192,1,False
2.6983843032517325,1.2334966697722836,2,True
3.244432143748918,1.4530566357080827,2,True
1.6112456828914092,3.334937141511293,1,False
1.504375898908161,1.7456147288476558,0,False
2.0012588005313954,2.8961434998817204,1,False
2.031702706303261,3.3723204722282203,1,False
3.3585943173788277,3.5204469522071555,3,False
3.7845888263539877,2.2284174079198595,2,False
1.5974871971211344,2.5002528080713367,0,False
1.7509114407037076,3.5044033999561113,1,False
3.1498532078237615,1.4944819918772598,2,False
3.3071269861866406,2.8522202373766627,3,False
2.209286266647052,3.332792691829684,1,False
1.6603699799649103,1.4951728457959659,0,False
3.0752390434069388,1.5620096607154264,2,False
3.1930494217922916,1.4644801385685111,2,False
1.7239480547043304,1.26303519939189,0,False
3.5185673061216725,3.6445531208326525,3,False
1.681880118160135,0.6277932456861735,0,False
1.158242571708884,3.7654818860424744,1,False
3.423527515634523,3.413244133474506,3,False
1.8396860782977142,1.1947428606757584,0,True
1.7125130346651993,0.9961347460530469,0,False
3.5577679053615996,3.4389464381074433,3,False
3.27752260616356,3.2438492310776326,3,True
1.9071231638053767,3.1695825710041414,1,False
1.6469796721648773,1.4714386430077497,0,False
1.5442011394162334,2.1601707092261337,0,False
2.2908896241689773,2.865888474203247,1,False
3.287267414935939,3.078078700119203,3,False
3.37240812921316,3.2838893895970815,3,False
3.142071624206982,3.0450230605440423,3,False
3.284267842451891,3.2149868167365914,3,False
1.5212452801596439,3.39696478199734,1,False
3.280420623147749,2.4663026650512783,3,False
1.4526702584653428,1.43738990826012,0,False
3.009406602316252,2.9410758022979717,3,False
4.069183951016575,1.8974277200849181,2,False
1.7485073096525174,1.3152447917301788,0,False
1.531533316961087,2.4290025189856137,0,False
1.60075929535799,1.6369302927326772,0,False
3.02208534141188,1.4938283122050653,2,True
3.3122024298124497,3.674617364066111,3,False
2.937041077935107,1.5487013556591345,2,False
3.5076346086170926,2.0981150714983112,2,False
2.9633176319363796,1.4720355288629199,2,False
3.5426290270126755,1.5185094874402816,2,True
1.4811361896456994,1.7551748417698547,0,False
2.288161379799136,2.7176175620324092,1,True
3.5741674466353888,2.2029849589030044,2,False
1.6084183215263643,3.690451474622892,1,False
3.3113023200362983,3.4464194016361023,3,False
1.423233724692923,3.195369783441477,1,False
1.9717795751664824,3.4881748452961743,1,True
3.5014463781811886,3.7168950326697,3,False
2.9313604581138017,1.127928655005547,2,False
3.972160714119209,2.5006423360309187,2,False
3.185186901255079,2.7372452134832073,3,False
3.1102879379059543,3.156959157712859,3,False
3.954784889784479,2.7029473510999225,2,True
3.114622159826822,2.5964549123335408,3,False
3.1037267412261182,3.3539154981434978,3,False
3.7287526997937563,3.6293183167613194,3,False
3.422146980272541,3.503595596235885,3,True
1.816886352412701,1.245108178010763,0,False
3.1960192326497543,3.070330313184405,3,True
2.99036953222675,3.187954298746448,3,True
1.63485676194272,1.9728188416189876,0,False
3.1897987533448213,3.3683829109364787,3,False
1.7137952304180242,1.3357604991278078,0,True
0.9641697951705978,3.433839309684455,1,False
1.615100922792431,1.2055268946498467,0,False
3.276181913745581,3.121033976811182,3,False
3.6387033069581594,3.0038479190895475,3,True
2.406992813944494,3.198569285963271,1,True
3.1556053857555693,1.6206405734082,2,True
3.692583901437303,2.1187162951639698,2,False
3.3411436275981488,2.4838226523116944,3,True
1.6734501418584298,1.1385298418532002,0,False
3.461907314111142,3.485172037351658,3,False
1.5407784450397903,3.4436297683442514,1,False
3.077146812160942,1.621156574377668,2,False
3.878891696349826,1.9680055173168673,2,False
2.335613637223201,1.0331956007291971,2,False
1.5508074620509515,1.4959252699414534,0,False
1.9294565973712632,2.6613124754440585,1,True
3.105123580190356,3.2744603641886743,3,False
3.228464295082819,1.5996376546257878,2,False
0.9664431666899942,4.015938393287205,1,False
2.5501704719824705,1.0377574738470416,2,False
2.4279929422673496,1.2337436611167982,2,True
3.292230285559195,3.5064452065617613,3,False
1.5407011303598963,3.8435300634131386,1,False
3.696329540793982,3.681928729600684,3,False
3.808791858118311,2.183076765205765,2,False
1.7051383860696816,1.9983653889115973,0,True
1.6235878597320383,4.146692955461444,1,False
3.216855935236277,3.2642623863375304,3,False
3.2541168587042764,2.529358221893395,3,False
2.9843682667375253,1.3317575867768057,2,False
3.010555666165131,3.021707112717494,3,False
1.5892809342333756,1.6233619242388577,0,False
1.0566358397636433,3.3917287808482044,1,True
2.075049835693813,3.702785503866326,1,False
1.0707336309661002,3.354090820755043,1,True
1.758919328372913,2.909257079731728,1,False
2.042571405956148,3.124273139854096,1,False
3.2140475281434866,1.779211680558422,2,False
3.3874899011167634,3.7806702623099087,3,False
3.5039152645858844,3.2966648729963324,3,False
2.634768651525973,3.422614303737522,3,False
1.4406118675335386,1.271132507865278,0,False
1.5925012836086554,1.8591274082489488,0,False
1.1237016631578536,2.75281511780146,1,False
1.5478163076369944,1.5168517050762114,0,True
1.6279682221228762,1.4179261395916498,0,False
2.9877851450392026,1.3263834004069925,2,False
3.6020622858288323,3.0741014243197022,3,False
3.336984463790651,1.7804158689924612,2,False
2.2477244368553873,0.9970654467228974,2,False
1.2188041525576085,3.2793042123704375,1,False
3.936001193137688,2.5360009030714448,2,False
1.639955800366,1.240980735324184,0,False
3.3127524891362845,3.495393167078497,3,False
3.3588042746304705,4.109868570701975,3,False
3.3335914732481835,2.919563638329971,3,True
3.46059514016531,2.0921555072012263,2,True
2.986091416299159,0.6948704873803895,2,True
1.6287608435169185,1.0908322370326369,0,False
3.304149986209846,1.8569096806203589,2,True
1.7220338945524558,1.8005002095394715,0,False
1.5689999431074917,1.8469341526594574,0,False
1.9303507898312364,3.701453920147303,1,False
3.0950316544707683,3.0308268176278723,3,True
3.584310528038109,3.9897476264635587,3,False
1.3535890731998037,3.220557346402987,1,False
3.24468604616174,4.116181126167772,3,False
2.3874030201411856,0.45953039499550896,2,False
1.619746587191788,0.8831365502163706,0,False
3.1661952177502823,3.574846178304453,3,False
0.9157529257600482,4.159845895252288,1,False
1.6299539398308542,1.8123762335954552,0,True
3.3464585643020697,2.998855583116243,3,True
1.4841328525428292,1.533260506632445,0,False
4.086111859227251,2.0740871127460196,2,False
3.0935030948865805,1.5308100945898204,2,True
3.93494862264229,1.5730055007943504,2,False
1.7353465471717986,3.152661811139894,1,False
3.4213543419612438,3.446590514536334,3,False
3.141340703745342,2.636082596580348,3,True
1.7469730913176853,1.250005693724672,0,False
1.8654019900454708,2.774432780580258,1,False
1.4331813477120032,2.994430760430203,1,False
3.4596857998788617,3.1661064792969404,3,False
3.5098205080501708,3.860004624828169,3,False
1.6424295997836422,2.3753922127496105,0,True
3.3278187695189305,3.6570769337250226,3,False
1.67911547729909,1.6443165749955324,0,False
1.79469187160019,0.8019847584894757,0,False
3.833578424812143,1.828047560590541,2,False
1.9849510820656302,3.6081558611585454,1,False
1.8996805820450247,3.2880874587898834,1,False
1.6473404698078118,1.295757150824484,0,False
1.5072588304760295,3.2494403369022784,1,False
0.9575384752354512,3.8567218850573064,1,False
3.446928619228681,2.7630320129010926,3,False
1.6462526943877778,1.8116171879442795,0,False
3.7018304691154493,4.515529695186815,3,False
1.346250725431706,3.850354327512953,1,False
1.8140733785036636,1.4706793987623181,0,True
1.9660174898558254,3.3415736467851347,1,False
3.718446110838123,2.2735339597044777,2,False
3.2080362406644602,3.6832429299601457,3,False
3.563002004094824,3.10623875519824,3,False
2.0852259301160223,2.8046310069684326,1,False
3.894586307057712,2.2614875121416076,2,False
3.207119915348698,1.6461227534016873,2,False
3.0882715928043414,3.2316157360025293,3,False
3.01192975029637,1.6406412950500757,2,False
1.7089730240717507,1.6935456407168197,0,True
3.6318685052900506,2.2260707087241514,2,False
3.3648552263784697,3.2398777576442415,3,False
0.44496872595336495,3.4893545908544885,1,False
1.659988844992525,3.2694810555877463,1,False
1.7955066747201023,1.396109345004778,0,False
1.49022015167795,3.5977523655668717,1,False
3.7137401368087612,1.369751915921798,2,True
3.2077340374689487,3.6065107363382967,3,False
1.0507647379934868,3.357793385750017,1,True
3.897241609196303,1.304650010324016,2,False
1.7922070072079652,1.7809946681228574,0,False
1.7223429871357878,3.01049456555003,1,False
3.4517525719994877,2.314506576977763,2,False
3.264682385007093,3.01154455949404,3,False
1.4967489451871436,1.9075626840645539,0,False
1.8641089835244604,0.9151032227174566,0,False
1.7159030170752596,1.530884240466946,0,False
3.184373533340738,1.2608878498058569,2,False
1.7593965565233638,1.9462591527168118,0,False
1.698239995464093,1.9317054154308004,0,False
0.9208615251184507,4.013960430234542,1,False
3.1809033613327036,4.1282669005690185,3,True
1.8579452048423362,2.574833587107414,1,False
1.669549325179349,1.5681613264201002,0,False
3.4426648430905145,3.1073854850284532,3,True
1.9816031846559754,3.8955215205657177,1,False
2.9543625162941276,1.0887342488107148,2,False
1.5190044244233785,2.88754778318943,0,False
3.223811889033055,3.474710722070194,3,False
3.585247232210635,2.1039281056898584,2,False
1.7195738398275062,1.5194537633385088,0,False
3.046735602495187,1.609618261898338,2,False
1.8210744384882427,1.4270626363627328,0,False
4.234036888409409,2.1973426855129596,2,True
3.329136599578998,3.6860102363492695,3,True
1.7793520669323495,3.715585382898951,1,False
1.5885927644434064,2.414995668189837,0,False
2.6528160804309704,1.2331381243052593,2,False
3.0973955731266707,3.3435535663127625,3,False
1.5688137957122998,1.5766397571354283,0,False
3.391211009216459,2.0801832204512545,2,False
3.4296570371410335,3.4644040514277243,3,False
3.5352730327675594,2.3811396443040582,2,False
2.6221730310009868,0.9870532080534897,2,False
1.5268422221581301,4.007937481385511,1,False
1.6976507220270791,1.378366270562848,0,False
1.9975841540084815,2.885657581909556,1,False
3.136346915753933,2.977380627676283,3,False
3.7205879175044854,1.9785904070839992,2,True
1.6123683189481965,3.2868005159340004,1,False
3.1559785082242486,3.126940026913357,3,True
1.851555927043926,1.0508738280612253,0,False
3.2116188838280633,3.655291170121827,3,False
1.5935066867913008,3.363515059740115,1,False
3.518982039434876,3.3326202066494846,3,False
3.1495901653022065,2.874349877308479,3,False
3.855824400098436,3.5912962739645238,3,False
2.5379890626397725,0.953111484178274,2,True
3.30813060932446,3.3694427222113714,3,False
4.407502394203923,2.170416957619198,2,False
4.067762567394933,2.150005881256685,2,False
1.4740454544091162,2.6758363424853577,0,False
3.8147821152702694,2.4270942826400494,2,False
1.7878027214078043,3.0860937944760933,1,False
2.1575336376447622,3.4213829962296454,1,False
3.432395659057011,3.31129139825457,3,True
3.1268836305253638,1.4393281115710752,2,False
1.6584960604103096,2.863936115782562,1,True
1.3221603583233232,3.5197249231472316,1,False
1.7107653541923078,3.040915144605805,1,False
3.303817801062065,2.773882275745623,3,True
2.5142797681033455,2.77136477346183,1,False
3.187176596147475,1.226665296827843,2,False
3.321166063189609,3.5299945951374423,3,False
1.863865504293351,3.6124493741820523,1,False
3.32093597744928,3.3199425178988937,3,False
1.225933899836793,3.429595975034092,1,True
3.589160081736918,2.1492063972753708,2,False
2.051002295224739,3.4709953969871843,1,False
1.7223647449555175,3.26503452846714,1,False
1.203784533587614,3.5702027638394047,1,False
1.0287379966882266,3.95593455604585,1,False
1.602016431728068,1.7280891079662148,0,False
0.929470020900992,3.3500467858869594,1,False
1.3177658490675264,3.0657133921741138,1,False
3.3058460478871887,3.36650575890561,3,False
3.1220909541612962,2.5188651522819185,3,False
1.5949932461973646,3.1381554646078538,1,True
1.6224095011270658,1.4242929214311686,0,True
2.9844818035138814,2.7964406214405995,3,False
1.2650934614680625,3.816253755274794,1,False
1.7067716722630106,0.8953219441148544,0,False
1.7232710331896381,0.746321955711531,0,False
3.1364685504824004,1.7095110547906966,2,False
1.7482727057288587,3.502200002423658,1,False
1.732665341579598,1.437465086549163,0,False
1.5688911387608602,2.1216370169256518,0,False
2.3485757672033793,0.9941991237339264,2,False
3.613304523635419,3.2121352754600907,3,False
1.6041043905728736,1.779065148364,0,False
1.6590431771958232,0.6811827325764827,0,False
1.4110744079814137,2.489136007637527,0,False
0.6856394870490864,3.800827776493127,1,False
1.839196713691313,1.571095630215891,0,False
1.9930243036715696,2.7886035292190603,1,False
3.808602932447669,1.7269789153443647,2,True
3.0578494245643304,1.1437072763115879,2,True
1.6755455672953152,3.4338200677041413,1,False
2.8536090977359807,1.3117098913960727,2,False
3.0794496243939578,1.610727299857065,2,False
1.5949370052136844,1.9693413080105013,0,False
1.6044964129396229,1.705512463594765,0,False
1.4301071985349827,2.696006584678409,0,False
1.6926550821364301,1.2774485416251251,0,False
3.281989756018189,3.2313769687199083,3,False
2.5479543392440416,0.9030139065375719,2,False
3.443257541249614,3.1163831339990384,3,True
1.3354770136210548,3.4549704317363488,1,False
2.1101799923640114,3.344461649797994,1,True
3.693202762907021,3.373499271668261,3,False
2.7985492415147473,1.143755818201154,2,False
1.7670263506422652,3.091598880949667,1,False
3.9561548321359226,1.730374659345778,2,False
1.6598302899583917,0.6417017773388894,0,False
2.3774723918087344,3.2875825184975276,1,False
1.8105866028030566,0.9038972288552969,0,True
3.601014936468348,3.6511061708094688,3,False
1.656647139907188,2.800889863631043,1,True
3.2922127786630058,3.582098062070493,3,False
1.6692518277858903,1.4604421388261697,0,False
1.7804884391396774,2.0982296711973816,0,False
2.2014402894520932,3.2031059518688823,1,False
4.358489357242068,2.3448048243453257,2,False
2.19577111573323,3.7028623751349445,1,False
2.9519743536296312,3.2975705033575937,3,False
3.321412979161154,3.927691387157329,3,False
1.3226233678918005,3.1199453963307273,1,False
1.4903123182662308,1.7429130545003346,0,False
1.5113724227437864,2.221664566530369,0,True
1.5105923454976102,3.3123237077850414,1,False
4.0146590699384355,2.5658635349711307,2,False
1.6293996624320464,2.053598736638134,0,False
1.6712525330802441,1.8325584951493505,0,True
1.6909934397118258,2.1294950470993315,0,False
3.562941248514689,1.6559823481118614,2,True
3.197119514191703,1.341516915041586,2,False
1.7331806641500944,3.1667586976694513,1,False
3.3917485300447723,3.5533161916232454,3,False
3.7655437974722297,3.6282264893387444,3,False
3.4744079524768567,3.5038451742892835,3,False
3.2869714937219316,3.2800803174074504,3,False
1.6829652915804723,1.9331806548693906,0,False
1.530462936911901,2.032778436656801,0,False
1.5781238004453588,1.4926471165013226,0,False
3.144418026953122,2.6752886934299673,3,False
3.784104934576063,1.8603299637873993,2,False
1.011490129310862,3.165929597226504,1,False
3.4651554086970426,3.0628145363671395,3,False
4.081395017425822,2.2807667126338127,2,False
1.7329320779842745,1.849653116563458,0,False
3.203566879165227,1.4691795172490552,2,False
1.6779799257672612,1.9666511938446287,0,True
3.576819063688007,1.8422168702869213,2,True
3.295266258891758,1.5695046117365292,2,False
0.7086331008974464,3.361335512702731,1,False
3.609823278213061,3.17274947276345,3,True
1.5409417538402663,1.9266022056578325,0,False
2.4726881347928007,3.154738344986879,1,False
3.9623903872119346,2.125305298764866,2,True
2.7057914025574576,1.6564594171981641,2,False
3.2349930820410724,1.680264996774713,2,True
1.6665553651095384,1.219191406183576,0,True
1.4581824790763396,2.7959254097080315,0,False
3.1584554535968348,3.4726668221545838,3,False
1.6772874112138485,1.003558429817764,0,False
3.1559234680189903,3.009595777743848,3,True
3.008776855640216,1.5456155374698577,2,False
1.722311030976756,3.4902273013949454,1,False
3.403399971585932,1.9048282479554317,2,True
1.665827908168266,1.6886827202893115,0,False
1.7598307108079225,3.5388015200925373,1,False
1.7569224071781027,1.7699838972195212,0,False
3.2902353451501742,1.3754892805359842,2,True
1.6679411864551994,0.6682128419004488,0,False
3.1506198156852507,2.9370080311987072,3,False
2.928867767126595,1.2946350970641778,2,False
1.8404776976608777,3.3441075404683516,1,True
1.7095140372591426,0.8506035573600911,0,False
3.4265210804678015,1.8892224382558567,2,True
1.7619829398516487,1.7335027428437138,0,False
3.826008794766804,1.8475071847793398,2,False
3.3564870720454922,1.5163368804675088,2,False
3.6869669225253507,2.3682629403935573,2,False
1.244638254098377,3.1413268224915023,1,False
2.670874291557134,3.0587349186469797,1,True
1.7783939786449094,0.5107174421870045,0,False
3.657820446562862,2.1251534928842672,2,False
3.1917945148098563,3.0736570824098757,3,False
1.6374299783418136,1.5573860849611683,0,True
3.567170980538001,2.0290189568692245,2,False
3.862703462977073,2.295761559623058,2,False
3.1441211802934386,3.3889023169143506,3,False
3.534760013814064,1.6794179817031032,2,False
2.6851329130043893,0.4940325553267234,2,False
3.3495583248013925,4.0715971068265295,3,True
4.374502035180408,2.9452386058806077,2,False
3.5736138863558318,3.8339841502540692,3,False
3.373330824967535,1.32875046478379,2,True
3.245955718832901,3.1195633068794066,3,True
1.7036752051866073,2.4227980845697057,0,False
1.6462754200054504,3.3051112389770023,1,False
3.1826686431700395,2.725796652833954,3,False
2.121732846171002,2.7967604709900034,1,False
2.9898629446200022,1.542490872637953,2,False
3.479391161887511,3.7203658864458546,3,False
1.6527316508524619,1.1868342703707182,0,False
3.316377825497843,1.8562124359956478,2,False
2.9252192819708007,1.335964380982622,2,False
2.9782829897817567,1.6477528708396514,2,False
1.6387084742699145,1.777423175076485,0,False
1.8016005527183911,1.37071600210778,0,False
3.018440163881268,1.2741795903624764,2,False
1.37755633951357,3.491009313777094,1,True
3.763458682994867,1.7591875250731335,2,False
1.5709908007960194,1.6802404413242946,0,False
1.8029183315884336,1.4167988993856102,0,True
3.602622303546456,2.233262768804496,2,False
3.5257352067792977,3.3433713768926077,3,False
1.0590255019797938,2.8932843080436936,1,True
3.369398847166562,3.569352353269472,3,False
1.5063789898394928,3.5697938689558604,1,False
3.5888868971429515,2.2116355650216284,2,False
2.9029826070017886,1.3393228472188172,2,False
3.05718386724278,3.063022491812569,3,True
1.6048453981029969,1.0843405195972473,0,True
1.4951842887376725,1.83055644269741,0,False
1.8533977508956128,3.2529479027032124,1,True
3.818696605680843,2.017926421805107,2,False
1.5104906978813242,2.1527096360069793,0,False
3.1003018593589644,3.385408319286291,3,False
3.2827639485297935,3.5837913312819856,3,False
3.174868695806248,3.470458256906533,3,False
3.5041151421675765,1.8701770236440283,2,False
1.6939474070639755,1.441434262720493,0,False
1.0941971928248773,3.7530007157210634,1,False
1.6860997690511002,3.223791296447804,1,False
1.6645746764783669,2.8237708917562743,1,False
2.018189493730482,3.1717074823768145,1,False
1.654098165225875,3.0935652997259053,1,False
1.2956759342084438,3.6990253487617784,1,False
1.5879225673520556,3.4552543766081363,1,False
2.5180946029249425,0.7567902322156627,2,True
2.4254987821261405,2.926949934299867,1,False
3.38741673224574,3.7215704830548897,3,False
2.286820970519662,3.187626296076305,1,False
1.3235374406555966,3.078328739572407,1,False
1.6307863584335482,3.744849432733205,1,False
1.4859550756054247,1.5518932909518262,0,False
3.0799591813402323,2.7556576428899033,3,True
3.512202059641607,3.8533784424916413,3,True
1.6173536223520917,3.464639790037286,1,False
2.1391857829560963,3.2611936729418094,1,False
1.7500559842505887,1.247498418124342,0,False
2.2673523535654843,2.9727913173035976,1,False
1.4763632957839525,1.8890911843316542,0,False
1.7122140629598774,1.7543242802635233,0,False
0.7238372098996221,3.0056427059080457,1,False
1.1717151849321226,3.485318572415383,1,False
1.7652540752644283,1.487131383721346,0,False
1.8695300839625553,3.8100746666939562,1,False
3.4979866737030143,3.547692839941289,3,False
1.395365672492534,2.893273367563484,1,True
2.4226588662367137,3.6749816212782274,1,False
1.561139534944724,3.252384997113743,1,False
1.704395251023754,1.7693702518438648,0,False
1.941172499545351,3.185908075306614,1,False
3.680167167376446,3.6583685077834383,3,False
1.5505929214581287,2.1899220186283004,0,False
0.7448576832171496,3.1489338323742615,1,False
2.109835266489263,3.6902655569555733,1,False
3.1308910028335397,3.3164850224670794,3,False
2.997744709739042,2.780874766506876,3,False
3.2887806591042037,3.095872651427654,3,False
3.07389641168351,1.3769132981056822,2,False
3.1828657689694415,3.393909559039635,3,False
3.501607888301053,3.0052539965727814,3,True
3.264430417800008,1.1755858007850244,2,True
3.2759072792310557,3.3318138215230397,3,False
1.390946029787663,3.301796160603378,1,True
0.5408225386695181,3.979258539390296,1,False
3.272378857050294,3.0167761014656227,3,False
3.4769394433959557,3.790768718627349,3,False
3.6663963354103006,3.536601749573607,3,False
3.7903114782745426,2.2612086569885235,2,True
1.6001124388523291,2.7251635307020132,1,True
1.4427478592136385,3.3593600320298984,1,False
3.2612308651918838,3.199456252113807,3,False
1.90879041766633,1.5510409675184562,0,False
3.666322821357553,3.3020229708977467,3,True
1.6007339388792312,1.557338741544948,0,False
2.5778531562729685,1.1905031802304513,2,False
3.6750273011217653,3.625007308933643,3,True
1.5948929032850239,2.705865772041891,0,False
3.0149686639045714,2.816275008154832,3,False
1.6278596449075318,2.0400507054295294,0,True
3.5467131061894133,3.311119015730043,3,False
2.9820814986135917,2.898952767534599,3,False
3.5557427293120214,1.9348079203937887,2,False
3.396413509537189,3.2486034760668376,3,False
2.9847661327549737,1.6574510822211974,2,False
1.5966172672801755,1.8064241339611302,0,True
1.081668412260101,3.489392961620002,1,True
3.447838359874209,3.293596843743863,3,False
3.19721923293558,1.4910229849726329,2,False
1.6787797718706716,1.8179362926440492,0,False
1.4692120018994608,3.646441263293206,1,False
1.9475598019724991,3.4123693515096964,1,False
3.3721388915503914,3.4571028580133873,3,False
3.410847259253735,3.3461183055637727,3,False
1.8961837744273626,3.290679649092962,1,False
3.0860161094877574,1.3854015820875496,2,False
1.6693476676312,3.495536139310049,1,False
1.751569428402101,1.6621852792451939,0,False
3.336534582990946,3.4230229300419155,3,False
1.7084548776768291,0.7159004379855045,0,False
3.1427068132653693,1.8293432455184242,2,False
3.9188944991453343,2.1171292954609866,2,True
1.7530568092218548,1.9296476614153808,0,False
3.1204418180477678,3.1555296095332825,3,False
1.8200329577928511,3.6354661817603384,1,False
1.9384187680946803,3.993443079389112,1,True
3.250163022472618,1.636093115711749,2,False
3.236322822300831,1.5443491939165814,2,False
3.0407416308146686,3.0453125434814425,3,False
1.6748831891533058,1.5700382639400468,0,False
1.6937743132873997,2.10974793923355,0,False
1.5536174125882152,1.5026468072401136,0,False
1.5480140742497932,1.8577031230225034,0,False
4.362632457061768,2.7106874327998596,2,True
0.9400649144993659,3.738437425911087,1,False
1.5267354704015508,1.8835627474598828,0,False
1.621469682285916,1.5883874064169403,0,False
4.601786671161775,3.2625057840276215,2,False
2.3158269538095126,1.428942047259447,2,False
2.8274142696186466,0.7016282010945688,2,False
3.098729525699383,1.7717487230722684,2,True
3.2066466211903397,2.8858280039502744,3,False
1.7684276944906223,1.4168051357546545,0,False
1.2262372907244525,3.1190877697023183,1,False
1.272778183612675,3.33523285131068,1,False
1.2888810970870477,2.9946218382617333,1,False
1.4246411750609944,3.269939614107608,1,True
3.999202330911514,2.639747242459043,2,False
3.0736982037747977,1.3823676024073834,2,False
1.537671719627898,3.686092814231393,1,False
3.6976541365645557,2.1601627104005403,2,False
3.4411923866400005,1.4891340436555327,2,False
2.199407714257261,1.0890220059009978,2,True
1.7644531256825884,3.6430602873705604,1,False
3.037622360178128,2.448918031182491,3,False
3.372528110415545,3.1877821761002467,3,False
1.6366930797549442,2.2321503363964674,0,False
1.7174419767540086,1.9013432556617047,0,False
3.439777309123769,3.1956582945224663,3,True
1.7635312666705516,1.678018738176038,0,False
3.3205885208753783,3.173769607460872,3,False
1.63832966057078,1.9368439416339343,0,False
2.072023927532974,3.355417174441115,1,False
3.2031318841592076,2.0289931688918745,2,False
2.082130745147558,3.157397902605429,1,True
1.5771701985759166,1.9150289289247358,0,False
3.2006263961916757,1.9578033154418437,2,False
1.6029412444640445,1.887106251111357,0,False
3.223764237045887,1.5288075075457448,2,False
3.2556578097777105,3.753680101420168,3,False
1.696284656569921,2.482273682421807,1,False
3.3426348447006173,3.0418980004305545,3,False
3.4888748044876254,3.5022233069483537,3,False
1.6540387291691547,2.0093235966303125,0,True
3.3141870377785225,3.2274162386828227,3,False
1.605267905367781,1.903032433910076,0,True
2.6606420897464154,2.901689529427721,3,False
3.2881916817284416,3.3612792389408117,3,True
3.167435516508012,2.4400868490690697,3,True
1.60112592494224,1.0336084999622221,0,False
1.6018038140896336,1.6407835788333833,0,True
2.508255212502662,0.8787829411633997,2,False
2.019582574356168,3.542090869512842,1,False
1.4819617120298718,3.7054801191100846,1,True
3.1778024138427274,2.9875444830160736,3,True
3.6352588459373005,1.8128245846094437,2,True
1.6307838058848614,1.8881461099804535,0,True
1.6292373338820478,1.8481315865436596,0,False
1.7737604235219255,1.4963092665745235,0,False
4.335311470621911,2.678732809809607,2,False
3.0672626423791,2.8035790736316653,3,False
2.991835985634849,1.6241716676694502,2,False
2.825974258160594,2.9798779284988868,3,False
2.028750926604666,3.263083601885454,1,False
1.7235731251613289,1.3687908366851396,0,True
1.7645898171152778,1.5255150842191572,0,False
1.4458874092469614,3.5448333492643807,1,False
3.1378055979475885,2.8088301426350974,3,False
3.6421758563919537,1.9617641003775856,2,False
3.1207155882418127,3.108342413559672,3,True
2.036811368588881,0.6402736000594516,0,False
1.5814638482681087,1.674466671087716,0,True
1.7543890853017026,3.0799304194293344,1,False
3.3458715821788387,3.1333783585068766,3,False
1.565498342585127,2.4422324011848335,0,True
1.0433415488791065,3.192321862637456,1,True
3.2989616611829264,3.2411671421391133,3,False
1.8690434188476823,3.591464816823469,1,False
1.5137681298822785,1.287858577331139,0,False
3.5127151008968847,2.823750744046659,3,False
1.6271869479394143,1.7355179209587237,0,False
3.638343883932859,2.248832759664189,2,False
3.2518322060464815,1.9708307173084965,2,False
2.4328763520557635,0.9804685134861849,2,False
1.8319055516811222,3.966526132242122,1,False
1.5445662269258493,3.234378243981621,1,False
1.5051188069755783,3.508274263422501,1,True
1.2637080734805544,3.1355077082304494,1,False
3.0653717233246285,1.915501073842695,2,True
3.053957803481611,1.8926754721926227,2,False
3.3810410991149693,3.018946448062278,3,False
3.5987912898739163,1.950213077119079,2,False
1.6372700265855014,3.8675928037785257,1,False
2.1714256251619766,3.3647540651713443,1,False
1.8599704581416776,3.216543816592441,1,False
3.5171647367311167,3.4831734881801917,3,False
1.781690617638475,1.861436012822708,0,False
1.477730367190783,3.203646451044257,1,False
3.571450767312742,3.9766702921730466,3,False
1.7404907521547366,1.3617892132857985,0,False
2.8809551626139056,0.8098658810106037,2,False
3.2947428744694016,3.1704510295944672,3,False
1.6586397577851715,1.88441027509259,0,False
3.3955345332382776,3.7508441388807516,3,False
1.432242488557331,2.2500411990005116,0,False
3.436236107410141,3.1060358230285035,3,False
3.0950853250869783,1.2005443337880102,2,False
3.4651234277984693,1.3951739685038014,2,True
1.7119065465271146,2.8370951946559,1,True
1.836770498516208,3.413627408377907,1,False
3.3873310983156157,3.2827897022190853,3,True
2.789038499458605,0.7430121467616444,2,False
1.665147805002676,0.9640495921158393,0,False
1.3871051377945476,3.2376190768543376,1,False
3.132482741380285,3.414051230757759,3,False
1.448062922709634,2.1633093635295437,0,False
3.212600254728296,2.766458430014076,3,False
3.042918037004214,3.346467527518106,3,True
3.305326073577655,3.893393196388118,3,False
1.78115169949696,1.4353625929249105,0,False
1.837586494086861,3.121884770624548,1,False
1.710660828976986,1.769996187409418,0,True
2.346904383446029,1.1160009761504845,2,False
1.768684686116864,1.9579031100595181,0,False
3.587412864566292,2.303546860579021,2,False
2.923735371394949,1.66166938224654,2,False
3.498135758010205,2.9075405029526094,3,False
1.3244004145397543,3.793589316040124,1,False
1.7022714538428179,1.9749374072388595,0,False
1.4596101963899286,3.352103302028535,1,False
2.570392222573288,0.9462781943633664,2,False
3.5501780001740575,1.8305845330347097,2,False
1.2528412793729664,3.3751780666837035,1,False
3.782331122304629,2.1520957988873,2,True
1.6547708882496226,1.7817204996272473,0,False
2.9228674241103065,1.6438842313821251,2,False
2.3662730723131338,3.0587360437922735,1,False
3.4074559255846992,3.3212413910870597,3,True
3.509155262861891,3.1153164704230543,3,False
3.0388913654524545,2.0592245416542,2,False
1.5098823027362451,3.207891917706243,1,False
3.205704292774922,1.3499421930150017,2,False
1.624688079251919,1.7358499455314287,0,True
1.71171036915256,3.3448262584345203,1,False
1.7365789836222878,2.897800738728596,1,False
1.4835516831195041,1.4264722656758286,0,True
3.715675341144337,2.1104031084602735,2,False
3.2711817612317073,2.8893101198290623,3,False
3.2783739483043597,3.300311473880262,3,True
2.064905001741318,3.5114089277896254,1,False
3.0816722815866973,3.395652387331244,3,False
1.4181966173637421,2.8627884642689976,1,False
1.4092123796623413,3.8130254658082117,1,False
1.7766019305930678,1.051884640719894,0,True
3.3030097530888023,1.603085733362507,2,False
4.356416122844643,2.6701161299333815,2,False
3.1356827253271757,3.190883146941984,3,False
3.435615513369113,3.6087939891556005,3,False
4.2749180108727,2.660601701811495,2,False
3.3557169090890397,1.9112557997393422,2,False
1.5391262571475652,1.9306452095234437,0,False
3.7521256245204855,3.260347060657894,3,False
3.1142498990997094,2.921228266077407,3,False
1.8054027951451537,0.6483178130368664,0,False
1.775465782178385,0.9081772426742692,0,False
1.5203276548522866,2.3337926870766545,0,False
3.4791729924190555,2.257999133810639,2,False
3.2691257630675117,3.073860798293411,3,False
1.5167925091964312,2.4149418641096023,0,False
3.365110201526504,3.098394921432712,3,False
2.3299724158751376,2.9135423198719264,1,False
2.575824787402974,3.2440004503293025,1,False
3.154331511793691,2.154678182046705,2,True
3.1125744771158037,3.067844020475939,3,False
2.997648476667566,3.609921410251241,3,False
1.9107011552567021,3.4737977716103767,1,True
1.7784113964930441,1.4830267150995313,0,False
1.9176336139267491,3.3889902062078625,1,False
1.5255097891097988,3.4911408082267408,1,False
2.0773714230986067,2.7562530993622483,1,False
1.5984831727780244,1.236620946577957,0,False
1.5370112594953438,1.8688750213873122,0,False
1.7921506694588185,1.1723585692428953,0,True
1.651455397963264,1.927617605604608,0,True
1.7230391061092258,1.8431233681005408,0,False
3.531062101069899,2.077378960556315,2,False
3.436523294530531,2.8400521795381914,3,False
3.2783752632734755,3.0219242920058464,3,False
0.9284973375287212,2.848285879248731,1,True
1.7361566253766412,1.915664231216224,0,True
3.2574345865934404,1.9360470559657033,2,True
3.232106106243636,3.423903736448816,3,True
4.184248106456386,2.2712619500460995,2,False
3.179151449801615,3.5557786235230258,3,False
1.6108997869887276,1.068555067265082,0,False
3.230797589292235,3.0850368186645087,3,True
3.4418049406997384,3.3849163339349926,3,False
1.4047145258326221,3.3068548250268064,1,True
3.6989848140904096,1.9159429538132693,2,False
3.113710209827687,3.3421675524495496,3,False
3.9540586550807033,2.2188736428679445,2,False
0.9883636781247805,3.1588150527697842,1,True
3.5053267366912957,3.4386357011361426,3,False
1.4865958598859361,1.3423470196398195,0,False
3.202785926334436,2.9879282148829343,3,False
1.753205633232423,0.8900669870548424,0,False
3.1252688315898016,2.640833815220954,3,True
1.2684276502768776,3.5393458034164165,1,False
1.5086185350975154,1.8086269581574548,0,False
3.0979196281153993,3.471303221301557,3,False
3.4724899954426593,1.6614345553271128,2,False
3.192406490224044,1.2109556170794884,2,False
1.6974463319743918,1.5449217497698169,0,False
3.2518331439530708,2.9422259200979752,3,False
1.6186204273896934,1.9834782495303884,0,False
1.3078521740497524,3.0536053416457034,1,False
3.2283781202592334,1.7531511185432456,2,True
3.9598877404377517,2.7555617328875437,2,False
3.5752145779329476,3.2549809222127917,3,False
3.5158448431244262,3.44205288231965,3,False
1.9962373006228469,3.654715207006229,1,False
3.700459585813577,2.165430698630605,2,True
1.0200072243748952,3.563583213238607,1,False
2.3013654450074217,3.030836522997709,1,False
1.940694938603179,3.540669607205701,1,False
3.7149715577717637,4.071762364103843,3,False
3.1310775917001066,1.8336675610733741,2,False
3.5112148348916508,3.0298290877298233,3,False
1.609075949380165,2.023455620712412,0,False
1.2504326205438812,3.223639307259577,1,False
1.6590504103236736,1.5036692137704504,0,False
2.75120593527416,1.2676310856814847,2,False
1.5432484269833409,3.4745516685201454,1,False
1.591894997248739,3.5049267541824607,1,False
1.3777599497756883,3.5734969654223177,1,False
1.5001149122218636,3.235957458158401,1,False
1.4888103969202395,1.6156562944201462,0,False
1.6663472012733953,2.9965506808559272,1,False
3.3946969227752,3.1053579987756508,3,False
3.3026693746397546,3.475486449573944,3,True
3.3813648532751435,1.6415226864940167,2,False
2.429223782688786,1.0755670334583116,2,True
1.6351748611173198,3.3417163685447786,1,False
1.8297571434494269,1.0840708946189785,0,True
3.4898933236461147,3.3607310086233433,3,True
3.390695275763327,3.948759387623787,3,False
3.7027338056235286,2.4273053758681002,2,False
1.696166614985341,1.4595748312514292,0,True
1.9266553970342428,3.3873523391265996,1,False
1.8081132472521988,3.346662153488161,1,False
2.124263751544015,3.0171883792504546,1,False
3.203840918025163,1.5040412067996298,2,True
1.8448033738425689,3.501302234679825,1,False
1.7004734458312332,1.7604554495441618,0,False
1.6178030418834353,1.3150475071367669,0,False
1.4895482973972602,2.169984219352656,0,True
1.6392185632944225,1.6027687157031796,0,False
3.041662194062458,1.739156439778129,2,False
3.3988365427552027,3.2755309777469552,3,False
2.6187818904817677,1.1946777892517115,2,False
2.634928729398406,1.9002759110261263,2,True
2.20896721438099,3.752738983817356,1,False
2.731597099390978,1.1233631113888736,2,False
1.525923675064168,1.8572535956797227,0,False
1.6055101143948982,2.5261639850421815,0,True
3.7065852042795475,1.5048134654565997,2,False
1.8317204636853865,3.4546612570751236,1,False
2.560491822955061,0.7807700996360827,2,False
2.5014562475117983,1.0037090964149809,2,True
1.1622412516191587,4.173556994886508,1,False
1.0650807260560822,4.009647020157992,1,False
1.8827564219322916,3.9188054606042066,1,True
2.823935123334483,3.2652983398190782,3,False
3.112456464340666,3.3143748882179693,3,True
2.9702160046037593,2.827765156561896,1,True
3.805191179401602,1.8165914087183728,2,False
3.3046982122402553,3.091198026492038,3,False
1.3722958211546177,3.7756083929540716,1,False
2.9871525851648926,1.300606097461488,2,False
3.0120953701698228,2.623621762792189,3,False
3.240244102538545,2.920521322390697,3,True
1.040794811548232,3.502881349447148,1,False
2.0169715740392644,0.6095759853742595,2,False
1.5950051903733111,1.8517633114936807,0,False
1.5314334417702435,3.6350849095613857,1,True
1.4131927766813452,3.3382443088412774,1,True
1.6611666829014347,2.1888011526050972,0,False
1.59792287718777,1.6149685704481946,0,False
1.3893030505501407,3.330225703782816,1,False
3.1540579071519517,2.7720236562347025,3,False
1.317730954330752,3.116230619274087,1,False
2.178665804667762,3.1772054966059797,1,False
3.0651048951671083,3.1457826802383693,3,True
1.7305045291359276,1.6844290017194878,0,True
1.6113441878308794,1.260074499427006,0,False
1.0861826029480541,3.5489452466678015,1,True
1.8268324471076995,3.2793610487965554,1,True
3.4571366490598505,1.158997447860204,2,False
3.109329344511442,1.3557090473327964,2,False
1.8619022116883948,3.1954812606384335,1,False
3.162046653630473,3.2431746602807054,3,False
1.6574764263113213,1.8858160610598624,0,False
3.225794740340194,3.5197083403432847,3,False
2.1391095376079807,2.8489936468142485,1,False
1.6652032681344744,3.2500790140476092,1,False
3.2075877017849557,3.4716686382513533,3,False
3.4310309903629124,3.941473428640808,3,False
1.4201272906961988,2.9181566300081703,1,True
3.472031112787001,1.896850031828798,2,False
3.019105990920904,1.5242484760727066,2,False
1.7497497363318093,1.4051675093476679,0,True
1.574611023206151,3.0969499282406945,1,False
3.7628621957591077,2.2446382048953724,2,False
1.6874086096673093,1.2089149993594122,0,False
1.7244945569975383,1.634857377038932,0,False
1.7635171079092715,3.2899328719069856,1,False
1.4309048829668582,2.456970241012126,0,True
2.769809386262802,1.7166153188510342,2,False
3.7902480414186384,3.5020615092367677,3,False
3.6100406349157836,4.227078571580851,3,False
2.005043367081783,3.34391189622645,1,False
1.5331959200130347,2.2567884206165543,0,False
3.0061933317730714,1.5998778601771666,2,False
3.3740615264809093,3.3688827765076144,3,False
1.50602191083302,3.7289500794642554,1,False
2.627960849589196,3.375128781814069,1,False
3.120166197902183,3.3724657994607252,3,False
0.17864222042721192,3.354491387065687,1,False
0.836144345814757,3.625659994741059,1,True
1.442442013885131,2.5227228810994524,0,False
1.5032534472707724,3.209264687821714,1,False
3.228079851126388,3.60308470181897,3,False
1.6700920295353534,2.262417746408654,0,False
2.7876437199321997,3.3110413016293063,1,False
1.2051329649201277,3.556416533198515,1,False
1.934427031200171,3.2682856442329684,1,False
1.758537088571254,1.537934430945081,0,False
1.6265093290961796,2.21819700494129,0,True
1.648803135966531,1.778930703940823,0,False
2.235101300059721,0.4749232585071396,2,False
3.17909556306211,3.3800076094483438,3,False
4.091801084746996,2.4199188460158294,2,False
2.750767107343931,1.3876204730824353,2,True
3.6152937597612813,1.3135944544592433,2,False
3.3429156780108324,2.74145294309832,3,False
2.3758910194452354,3.4817628294676632,1,False
1.6722282309679026,1.4242995337302118,0,False
1.2578185544959606,3.342675610322554,1,True
1.5944052336118253,1.3837662488434375,0,False
1.7414913926774376,1.7420926834661832,0,False
1.7586340802927911,2.602155258654636,1,True
1.6583023220970443,1.3457975745915194,0,False
3.562458630991,3.0980906343793206,3,False
3.490802034997929,3.699079342642096,3,True
1.535418248986319,1.6933637214636037,0,False
3.380500925770236,3.262184399536628,3,False
3.7112672347475817,2.145259824927725,2,False
3.61021713962553,2.025447221883273,2,False
1.7347331500377632,3.105146970728388,1,False
2.5598871975281465,3.350437577446086,1,False
1.7338126866109196,2.318574726584114,0,False
1.7266417792904205,2.1717428552979885,0,False
3.070508838926086,3.676000504054472,3,False
1.5551533365325505,1.243329434643821,0,False
1.3301065542530734,2.117589707711329,0,False
4.348228634918116,1.9359663785514722,2,False
1.5560056436216838,3.6621517347379537,1,False
3.263298878082212,3.18090036621731,3,True
1.4981081884725442,2.1035723112183136,0,False
3.7634048549675874,1.9039718308524711,2,False
3.0953337984541784,1.3528193897467657,2,False
2.3957544506996475,0.7677765995529018,2,False
3.883640908153548,1.938395628011854,2,False
2.984517340221637,3.4810254874864084,3,True
3.764075815105132,1.5714846265282525,2,True
1.6801476561457886,1.9287492025126192,0,False
1.797038118327683,3.5964553072074903,1,True
1.606706637661672,3.3832196305237296,1,False
3.4030805095431975,3.425462525218487,3,True
1.682858299768431,1.707089147808055,0,False
3.438267437208878,1.496115355247655,2,False
2.8303807564086565,1.0869254528362755,2,True
1.500283521047844,3.648316677197307,1,False
1.7920088174617366,3.8076678917279674,1,False
1.513936323543195,3.0318938708028513,1,False
2.8854391069164023,3.0965029777286146,1,False
1.5409264629151502,3.2885644610894436,1,False
3.494544299383206,3.808320454152755,3,False
1.0208590677938663,3.2617642383624106,1,False
2.787426471096919,2.7603889913659523,3,False
1.6608638603183203,1.5762196504334967,0,False
1.7125673226321605,1.4778636248656274,0,True
3.381501084844829,3.6418628880463633,3,False
1.7174268942850175,1.0712180087245862,0,False
1.6771066485425217,1.7379992036328962,0,False
2.885760427524983,1.2868921288425204,2,False
2.3900161330240666,0.608029660332085,2,False
3.418216327831163,3.0163055119394153,3,False
1.9408728036434864,3.6747205552740083,1,False
3.0992141494828296,1.0890112413913027,2,True
1.836455630818416,3.5830378917035453,1,False
3.2076290703256434,1.4214042984587252,2,True
4.214022987606049,2.480857660552107,2,True
1.6745417475500513,1.8228036233430047,0,False
1.9238738117715262,1.2090299251064667,0,False
3.117322210413741,2.0073597661471148,2,True
3.2454914640945245,2.7902400188309033,3,False
3.053214808733157,2.8109675787599735,3,False
1.7828253055901682,1.298360212194173,0,False
1.597247466778264,1.0947468628843058,0,True
3.716142769058344,2.090239127279849,2,False
3.113030502889673,1.1923649004904282,2,False
1.302746548844098,3.2950354249839506,0,True
3.42782245291527,3.5186860381634615,3,False
1.3885905708524098,3.5035491865195247,1,True
2.503469846961286,0.7564537814815742,2,False
1.7891086838680779,3.726135684757302,1,False
3.069450023417317,0.9775709181502978,2,False
3.4678340495770876,3.322787625794163,3,False
3.596740951312278,1.8318570431640808,2,False
3.3286061231913355,3.0268022745338716,3,False
1.6016218087498428,1.670095456731969,0,False
1.5881216893533887,1.9334009272135841,0,False
3.181253265891884,1.8455862212890597,2,True
1.3782050772286363,2.2445553172476456,0,False
1.6746425372831322,1.6299680275760218,0,False
3.548103699783143,2.936071788628172,3,False
3.271834330761048,3.1697225800789726,3,False
1.2002220249424809,3.4271466738667864,1,False
3.5511823978116723,3.0757880353840243,3,False
3.8869858780265454,3.9298039451442097,3,False
1.64014338035654,1.4985000468479408,0,False
3.1035375597307486,1.4544706370689706,2,False
1.4214001821570192,3.215859704638347,1,False
3.154160143994881,3.2646712887963414,3,False
2.497193714202582,1.0869617420281474,2,False
4.046913849903755,2.4884071419431337,2,False
3.0227804396027937,3.3248511420924136,3,False
2.2056788982524935,3.253952391477964,1,True
3.6741850521844364,2.1101032790314855,2,False
3.3656123151175397,3.4008950695037283,3,False
1.4379128385235482,2.0117078556924133,0,False
1.7357011691878321,1.8691186589666196,0,False
3.101653209863594,1.4009612889971566,2,False
3.220365025518886,2.8874669206086745,3,False
0.9372711531159922,3.6085473803468506,1,False
1.5518253783482394,3.2943186781544243,1,False
1.2084557356001637,3.575062904542953,1,False
1.7098629855823455,3.6105756071679314,1,False
3.242200854952684,3.269773040512869,3,False
1.560216150020831,1.575783102815586,0,False
3.036093394361423,1.069987729459221,2,False
1.6126472689510545,2.5479305208494294,0,False
3.3967874436591963,3.612333322218173,3,False
3.4077348001195236,1.6418905492293565,2,True
1.6654027769245454,1.9363283458552305,0,False
2.1885944306410803,3.4214991397532026,1,False
1.5324264254084228,1.8446683733116713,0,False
3.513000055013382,3.7395251284524025,3,True
3.935819515316565,2.499947235932292,2,False
3.6985165390070462,1.8379009840416096,2,False
1.7822631198837875,1.5649745108287587,0,False
1.515247835334022,2.636499865474193,0,False
2.430031894576253,0.9340409930778643,2,False
3.155507465806933,3.0582671125056824,3,False
3.1371421534490986,2.827586290705427,3,False
4.19969570149914,2.487646343217547,2,False
3.481398160634968,2.8827798081497815,3,False
1.6728552763309,1.4043829799283383,0,True
1.6552146362493318,1.4944588093379867,0,True
3.4448236290004397,3.348443504179876,3,False
1.6711880159800347,1.5004606794715802,0,False
1.0821310651904186,3.500873263470173,1,False
1.295823412641186,3.3296669436618656,1,False
1.780580124981205,1.0376469334408793,0,False
0.9770540600491645,3.9364766408209335,1,False
1.6907306288097175,1.0059790871451735,0,False
2.2391725010767685,0.8634070788153525,2,False
3.6648280276118577,2.140054647912278,2,False
3.031987212377547,3.880224867608351,3,False
3.387123442915197,2.208023232389425,2,False
3.673362946635354,1.7387602268655344,2,True
1.7109888038019456,2.1816997096828197,0,False
2.096074069553874,2.9490888067890735,1,False
1.6929241954655336,1.562525557564679,0,True
3.5221959491388364,3.564651495427987,3,False
1.8953432917492965,2.899309537029244,1,False
2.6920129933647825,1.0551621890156444,2,False
3.5872124288668994,3.4768985179435297,3,False
1.499621983081798,3.3146141793888635,1,False
3.469390121723145,1.9024978775046462,2,True
3.0033874315699216,1.117667322265534,2,False
2.3636909310932115,1.1988659251810219,2,False
3.374897977080411,1.8891878153883306,2,False
2.9764254476519607,1.5770862747673495,2,False
3.2781712541761525,3.1187292690350423,3,False
1.6551262039127335,1.6704481987234514,0,True
1.6447864729804773,1.385883745461956,0,False
2.388271402418851,0.8472186094918502,2,False
3.331968983760014,3.3535596930274565,3,False
1.5983383657500454,3.770551580940397,1,False
1.921070252445863,0.39215903972474825,0,False
3.6492727608359434,2.0864010468025036,2,False
3.1991517699820355,3.9468201718348954,3,False
1.677675083216917,1.7669899400975995,0,False
3.7390560761837146,2.574814469198237,2,False
1.859442024314564,2.9579252758349526,1,False
1.4493823771623733,3.7567166977042183,1,False
3.2283786734491184,3.24448085905123,3,True
3.974248199294588,2.221558126789026,2,False
1.6680486822366243,0.8417410190110949,0,False
3.6090973667810813,3.414339233888785,3,True
1.471940271386361,1.6285813721675428,0,False
2.5496044122050123,0.9566470462380693,2,False
3.804281138821272,1.767491833382511,2,False
3.3124577102869694,3.5029618671312974,3,False
2.1953609866343697,3.1676852550225396,1,True
1.3352290472524377,3.4232495515562666,1,False
1.532081649359114,3.2917835127471027,1,True
2.3169318908996126,3.178860176390395,1,False
1.3580856237206842,3.523180538159257,1,False
2.3771018017841614,1.0108313039834511,2,False
3.3734574912121973,2.7029746343214427,3,True
3.8384089106278805,2.295995434629704,2,False
3.0141649421813934,1.6471689040103503,2,True
1.590306094079198,1.1501657375025343,0,True
3.2484528164523003,1.6236515508414282,2,True
3.1974679423590437,3.3412789499569424,3,True
1.5196928276362816,3.2689449023199666,1,False
3.17828731557913,2.483910665459338,3,False
1.4449292851600168,1.4915379427826323,0,True
3.200148858782293,3.361006441045835,3,False
0.6452556235351582,3.222325577660582,1,False
1.7131745620120307,1.9149307951519512,0,True
3.120491071425661,1.3049189083818549,2,False
3.2623722100867085,3.440705856946392,3,True
1.645340636778805,2.9228105848885453,1,False
1.5671736368742726,2.3752011455154904,0,False
1.6420160365690297,3.1044150379240203,1,True
3.1664412172234653,1.221910091633542,2,True
1.6079654889705637,1.9072728196028408,0,False
1.5093936361804543,2.3593002332701922,0,True
1.9757305478866765,3.0561165370956833,1,False
3.1587011660963187,1.8868498744480435,2,False
3.2441593343558197,1.5958402531910731,2,False
3.580593148357664,2.1849702622039255,2,False
3.052226079647648,2.461877602461992,3,False
2.865675015942778,3.0539574643592813,3,False
3.3284056531051127,1.223150576007683,2,False
3.4338373409898324,2.8887717230022205,3,False
3.508677468098925,3.4346756437709396,3,False
0.7903176488072875,3.750492579690112,1,False
3.3525710583575945,1.5751617084861964,2,False
1.6062842153156043,1.699869034499297,0,True
1.5525130489796375,1.6812175064508295,0,False
1.6467168828560865,1.7634401476873414,0,False
2.8830521300918734,3.2279375076986088,1,False
2.179836931891045,3.2761561671886894,1,True
4.078161976789143,2.4262789498040975,2,True
1.6261968257444241,1.4587788544632998,0,False
1.411488624139744,2.6326793948275293,0,False
1.3470436602860099,3.019599815434596,1,False
2.2731289374147585,0.6990034042904535,2,False
1.6841164146129908,1.2306443511950063,0,False
1.5803513543890415,3.7325033197795796,1,False
3.889615330172527,2.146484033998284,2,False
2.8837292221598747,3.192986428970563,3,False
3.1847279002429305,3.128105012595911,3,False
3.34163938615827,3.302301322055523,3,False
3.3933454100597866,2.643417319969041,3,True
1.5506763790344311,2.3805033425869233,0,False
3.4589379493191874,1.602612361513514,2,False
3.4385996576333704,3.5245158643971135,3,False
1.5396287806578115,1.8956404050026971,0,False
3.1431499838448245,2.9569103521847784,3,False
1.8073666476796215,1.887036779060137,0,False
1.8811373135161646,3.47152039830179,1,False
3.409971386223164,3.7485383901938714,3,True
1.303824468365265,3.01760965140477,1,True
2.5254668464171934,0.6088402891205971,2,False
3.557802528170036,1.600046996331696,2,True
1.5032283053084898,1.9445177397367288,0,False
3.3688311200030654,3.217101186578602,3,False
1.702071864308399,1.0775704911758628,0,True
3.3139874026134843,1.1358919179779023,2,False
3.628128584353277,3.3536082909419322,3,False
2.882085363723531,3.257951494082999,3,False
3.6015076682590874,3.3924303310034984,3,False
3.093197476414269,1.153871855319439,2,False
3.458253971454487,3.1901903387081925,3,False
3.2334494592818355,1.3360484710744465,2,False
3.545283035664218,3.1549789034510756,3,False
3.601250640023075,1.5948106820527777,2,False
3.2816445982336853,1.4145228738116618,2,True
3.231207202257362,1.7519476171465485,2,False
2.766847689613572,0.8939125748286032,2,False
3.8623079092014203,1.9445251855141261,2,False
1.8253928352103184,1.8828261890856077,0,True
1.5630385873349315,2.217217411666741,0,False
1.9904656838934618,3.0761330830019435,1,False
0.7630543246091148,3.543526697038111,1,False
2.893824542654689,1.3152958067491392,2,True
3.411256726392182,3.1030967638900417,3,False
3.237940334546219,3.0412790307253896,3,False
3.1314170968187955,3.4458975678769086,3,False
1.4053535120979974,3.673455216132263,1,False
2.7967183642853106,1.2320226312461227,2,False
3.9858948323455654,2.284461731249387,2,False
3.5282898063050974,1.9684736636896474,2,True
1.726596698021706,1.915955531832099,0,True
3.4121458542898577,3.089019772656934,3,True
1.4344899760561252,2.0088044195822854,0,False
1.8050790714396816,3.1813606362423523,1,False
1.4056847299070236,3.379539223830447,1,False
1.5175019149709428,2.3773189914701947,0,False
1.8965779999592645,1.1324588119504178,0,False
1.674343991296948,3.3142830237563987,1,False
3.6078372447748714,1.7953372408171397,2,False
1.4296998541939963,2.9846288594127777,0,False
1.7211870227361723,1.8215246349092111,0,True
1.4986671920280599,3.0850814304747383,1,False
2.5962586727848307,0.966543623825527,2,True
2.7688152383201676,1.3009872158422,2,False
3.112305259576525,1.185023079979309,2,False
1.991629835259398,3.2250325450617727,1,False
1.653394741025023,1.1224840787220716,0,False
1.7098837137984475,1.5870906841887784,0,False
1.3719079816679367,3.517968059467735,1,False
2.0511092259836508,3.509775868371463,1,False
2.3083526795108225,3.2766947745342807,1,False
3.2497442061686437,3.4992149244811355,3,False
3.4244452515337245,3.295870233811552,3,False
1.759069287631706,3.294930839552266,1,False
2.510021279736791,2.7136424156576204,1,False
3.380238255350078,1.7476393113716846,2,False
1.6167359387320257,1.4879318646032782,0,False
1.448070651931505,2.4561239505871555,0,False
2.183334997477659,3.318451116934465,1,False
2.9914872385228244,1.601050623119477,2,True
